param_SVM__max_iter,train acc,test acc
50,0.5001337542132577,0.5001069976460518
100,0.5004547643250762,0.5002139952921035
