param_SVM__max_iter,train acc,test acc
50,0.6792523628743694,0.6605572650272832
100,0.6792523628743694,0.6605572650272832
