param_SVM__max_iter,train acc,test acc
50,0.5673558064017318,0.5622426612162681
100,0.6057352713777638,0.6205086051127107
