param_SVM__max_iter,train acc,test acc
50,0.5184691510746867,0.5206315352942918
100,0.551119529921138,0.5369901359637429
