param_SVM__max_iter,train acc,test acc
50,0.4755075804853949,0.4600736711448715
100,0.4644632111618806,0.4525976238620715
