param_SVM__max_iter,train acc,test acc
50,0.9296273387969692,0.9213913326816552
100,0.9296273387969692,0.9213913326816552
