param_SVM__max_iter,train acc,test acc
50,0.5201893481984107,0.5440089300703055
100,0.5528448913987843,0.5904098662956768
