param_SVM__max_iter,train acc,test acc
50,0.9299907221277253,0.9189845670784088
100,0.9275769290242769,0.9147190378861932
